id,star name,distance,mass,radius,luminosity
0,Sun,0.000015813,1,1,1
1,Sun,0.000015813,1,1,1
2,Sun,0.000015813,1,1,1
3,Sun,0.000015813,1,1,1
4,Sun,0.000015813,1,1,1
5,Sun,0.000015813,1,1,1
6,Sun,0.000015813,1,1,1
7,Sun,0.000015813,1,1,1
8,Sirius,0008.6,2.1,1.71,25.4
9,Sirius,0008.6,2.1,1.71,25.4
10,Sirius,0008.6,2.1,1.71,25.4
11,Sirius,0008.6,2.1,1.71,25.4
12,Sirius,0008.6,2.1,1.71,25.4
13,Sirius,0008.6,2.1,1.71,25.4
14,Sirius,0008.6,2.1,1.71,25.4
15,Sirius,0008.6,2.1,1.71,25.4
16,Canopus,0310,15,71,"13,500"
17,Canopus,0310,15,71,"13,500"
18,Canopus,0310,15,71,"13,500"
19,Canopus,0310,15,71,"13,500"
20,Canopus,0310,15,71,"13,500"
21,Canopus,0310,15,71,"13,500"
22,Canopus,0310,15,71,"13,500"
23,Canopus,0310,15,71,"13,500"
24,Alpha Centauri,0004.4,1.1,1.2,2
25,Alpha Centauri,0004.4,1.1,1.2,2
26,Alpha Centauri,0004.4,1.1,1.2,2
27,Alpha Centauri,0004.4,1.1,1.2,2
28,Alpha Centauri,0004.4,1.1,1.2,2
29,Alpha Centauri,0004.4,1.1,1.2,2
30,Alpha Centauri,0004.4,1.1,1.2,2
31,Alpha Centauri,0004.4,1.1,1.2,2
32,Arcturus,0037,1.1,26,170
33,Arcturus,0037,1.1,26,170
34,Arcturus,0037,1.1,26,170
35,Arcturus,0037,1.1,26,170
36,Arcturus,0037,1.1,26,170
37,Arcturus,0037,1.1,26,170
38,Arcturus,0037,1.1,26,170
39,Arcturus,0037,1.1,26,170
40,Vega,0025,2.2,2.7,50
41,Vega,0025,2.2,2.7,50
42,Vega,0025,2.2,2.7,50
43,Vega,0025,2.2,2.7,50
44,Vega,0025,2.2,2.7,50
45,Vega,0025,2.2,2.7,50
46,Vega,0025,2.2,2.7,50
47,Vega,0025,2.2,2.7,50
48,Capella,0043,2.6,12,150
49,Capella,0043,2.6,12,150
50,Capella,0043,2.6,12,150
51,Capella,0043,2.6,12,150
52,Capella,0043,2.6,12,150
53,Capella,0043,2.6,12,150
54,Capella,0043,2.6,12,150
55,Capella,0043,2.6,12,150
56,Rigel,0860,23,78.9,"120,000"
57,Rigel,0860,23,78.9,"120,000"
58,Rigel,0860,23,78.9,"120,000"
59,Rigel,0860,23,78.9,"120,000"
60,Rigel,0860,23,78.9,"120,000"
61,Rigel,0860,23,78.9,"120,000"
62,Rigel,0860,23,78.9,"120,000"
63,Rigel,0860,23,78.9,"120,000"
64,Procyon,0011.4,1.5,1.9,7.7
65,Procyon,0011.4,1.5,1.9,7.7
66,Procyon,0011.4,1.5,1.9,7.7
67,Procyon,0011.4,1.5,1.9,7.7
68,Procyon,0011.4,1.5,1.9,7.7
69,Procyon,0011.4,1.5,1.9,7.7
70,Procyon,0011.4,1.5,1.9,7.7
71,Procyon,0011.4,1.5,1.9,7.7
72,Betelgeuse,0640[1],20,950,"60,000"
73,Betelgeuse,0640[1],20,950,"60,000"
74,Betelgeuse,0640[1],20,950,"60,000"
75,Betelgeuse,0640[1],20,950,"60,000"
76,Betelgeuse,0640[1],20,950,"60,000"
77,Betelgeuse,0640[1],20,950,"60,000"
78,Betelgeuse,0640[1],20,950,"60,000"
79,Betelgeuse,0640[1],20,950,"60,000"
80,Achernar,0144,6.7,9.3,"3,000"
81,Achernar,0144,6.7,9.3,"3,000"
82,Achernar,0144,6.7,9.3,"3,000"
83,Achernar,0144,6.7,9.3,"3,000"
84,Achernar,0144,6.7,9.3,"3,000"
85,Achernar,0144,6.7,9.3,"3,000"
86,Achernar,0144,6.7,9.3,"3,000"
87,Achernar,0144,6.7,9.3,"3,000"
88,Hadar,0390,10.5,8.6,"42,000"
89,Hadar,0390,10.5,8.6,"42,000"
90,Hadar,0390,10.5,8.6,"42,000"
91,Hadar,0390,10.5,8.6,"42,000"
92,Hadar,0390,10.5,8.6,"42,000"
93,Hadar,0390,10.5,8.6,"42,000"
94,Hadar,0390,10.5,8.6,"42,000"
95,Hadar,0390,10.5,8.6,"42,000"
96,Altair,0017,1.8,1.8,10.5
97,Altair,0017,1.8,1.8,10.5
98,Altair,0017,1.8,1.8,10.5
99,Altair,0017,1.8,1.8,10.5
100,Altair,0017,1.8,1.8,10.5
101,Altair,0017,1.8,1.8,10.5
102,Altair,0017,1.8,1.8,10.5
103,Altair,0017,1.8,1.8,10.5
104,Acrux,0320,18,8.9,"25,000"
105,Acrux,0320,18,8.9,"25,000"
106,Acrux,0320,18,8.9,"25,000"
107,Acrux,0320,18,8.9,"25,000"
108,Acrux,0320,18,8.9,"25,000"
109,Acrux,0320,18,8.9,"25,000"
110,Acrux,0320,18,8.9,"25,000"
111,Acrux,0320,18,8.9,"25,000"
112,Aldebaran,0065,1.5,44,520
113,Aldebaran,0065,1.5,44,520
114,Aldebaran,0065,1.5,44,520
115,Aldebaran,0065,1.5,44,520
116,Aldebaran,0065,1.5,44,520
117,Aldebaran,0065,1.5,44,520
118,Aldebaran,0065,1.5,44,520
119,Aldebaran,0065,1.5,44,520
120,Antares,0600,12,680,"75,000"
121,Antares,0600,12,680,"75,000"
122,Antares,0600,12,680,"75,000"
123,Antares,0600,12,680,"75,000"
124,Antares,0600,12,680,"75,000"
125,Antares,0600,12,680,"75,000"
126,Antares,0600,12,680,"75,000"
127,Antares,0600,12,680,"75,000"
128,Spica,0260,11.43,7.47,"20,512"
129,Spica,0260,11.43,7.47,"20,512"
130,Spica,0260,11.43,7.47,"20,512"
131,Spica,0260,11.43,7.47,"20,512"
132,Spica,0260,11.43,7.47,"20,512"
133,Spica,0260,11.43,7.47,"20,512"
134,Spica,0260,11.43,7.47,"20,512"
135,Spica,0260,11.43,7.47,"20,512"
136,Pollux,0034,1.9,8.8,43
137,Pollux,0034,1.9,8.8,43
138,Pollux,0034,1.9,8.8,43
139,Pollux,0034,1.9,8.8,43
140,Pollux,0034,1.9,8.8,43
141,Pollux,0034,1.9,8.8,43
142,Pollux,0034,1.9,8.8,43
143,Pollux,0034,1.9,8.8,43
144,Fomalhaut,0025,1.9,1.8,16.6
145,Fomalhaut,0025,1.9,1.8,16.6
146,Fomalhaut,0025,1.9,1.8,16.6
147,Fomalhaut,0025,1.9,1.8,16.6
148,Fomalhaut,0025,1.9,1.8,16.6
149,Fomalhaut,0025,1.9,1.8,16.6
150,Fomalhaut,0025,1.9,1.8,16.6
151,Fomalhaut,0025,1.9,1.8,16.6
152,Deneb,"2,600",19,203,"200,000"
153,Deneb,"2,600",19,203,"200,000"
154,Deneb,"2,600",19,203,"200,000"
155,Deneb,"2,600",19,203,"200,000"
156,Deneb,"2,600",19,203,"200,000"
157,Deneb,"2,600",19,203,"200,000"
158,Deneb,"2,600",19,203,"200,000"
159,Deneb,"2,600",19,203,"200,000"
160,Mimosa,0350,16,8.4,"34,000"
161,Mimosa,0350,16,8.4,"34,000"
162,Mimosa,0350,16,8.4,"34,000"
163,Mimosa,0350,16,8.4,"34,000"
164,Mimosa,0350,16,8.4,"34,000"
165,Mimosa,0350,16,8.4,"34,000"
166,Mimosa,0350,16,8.4,"34,000"
167,Mimosa,0350,16,8.4,"34,000"
168,Regulus,0077,3.8,3.1,290
169,Regulus,0077,3.8,3.1,290
170,Regulus,0077,3.8,3.1,290
171,Regulus,0077,3.8,3.1,290
172,Regulus,0077,3.8,3.1,290
173,Regulus,0077,3.8,3.1,290
174,Regulus,0077,3.8,3.1,290
175,Regulus,0077,3.8,3.1,290
176,Adhara,0430,12.5,14,"39,000"
177,Adhara,0430,12.5,14,"39,000"
178,Adhara,0430,12.5,14,"39,000"
179,Adhara,0430,12.5,14,"39,000"
180,Adhara,0430,12.5,14,"39,000"
181,Adhara,0430,12.5,14,"39,000"
182,Adhara,0430,12.5,14,"39,000"
183,Adhara,0430,12.5,14,"39,000"
184,Shaula,0700,14.5,8.8,"36,000"
185,Shaula,0700,14.5,8.8,"36,000"
186,Shaula,0700,14.5,8.8,"36,000"
187,Shaula,0700,14.5,8.8,"36,000"
188,Shaula,0700,14.5,8.8,"36,000"
189,Shaula,0700,14.5,8.8,"36,000"
190,Shaula,0700,14.5,8.8,"36,000"
191,Shaula,0700,14.5,8.8,"36,000"
192,Castor,0052,2.8,2.4,30
193,Castor,0052,2.8,2.4,30
194,Castor,0052,2.8,2.4,30
195,Castor,0052,2.8,2.4,30
196,Castor,0052,2.8,2.4,30
197,Castor,0052,2.8,2.4,30
198,Castor,0052,2.8,2.4,30
199,Castor,0052,2.8,2.4,30
200,Gacrux,0088,1.5,84,820
201,Gacrux,0088,1.5,84,820
202,Gacrux,0088,1.5,84,820
203,Gacrux,0088,1.5,84,820
204,Gacrux,0088,1.5,84,820
205,Gacrux,0088,1.5,84,820
206,Gacrux,0088,1.5,84,820
207,Gacrux,0088,1.5,84,820
208,Bellatrix,0240,8.6,5.8,"9,200"
209,Bellatrix,0240,8.6,5.8,"9,200"
210,Bellatrix,0240,8.6,5.8,"9,200"
211,Bellatrix,0240,8.6,5.8,"9,200"
212,Bellatrix,0240,8.6,5.8,"9,200"
213,Bellatrix,0240,8.6,5.8,"9,200"
214,Bellatrix,0240,8.6,5.8,"9,200"
215,Bellatrix,0240,8.6,5.8,"9,200"
216,Elnath,0130,5.0,4.2,700
217,Elnath,0130,5.0,4.2,700
218,Elnath,0130,5.0,4.2,700
219,Elnath,0130,5.0,4.2,700
220,Elnath,0130,5.0,4.2,700
221,Elnath,0130,5.0,4.2,700
222,Elnath,0130,5.0,4.2,700
223,Elnath,0130,5.0,4.2,700
224,Miaplacidus,0110,3.5,6.8,290
225,Miaplacidus,0110,3.5,6.8,290
226,Miaplacidus,0110,3.5,6.8,290
227,Miaplacidus,0110,3.5,6.8,290
228,Miaplacidus,0110,3.5,6.8,290
229,Miaplacidus,0110,3.5,6.8,290
230,Miaplacidus,0110,3.5,6.8,290
231,Miaplacidus,0110,3.5,6.8,290
232,Alnilam,"2,000",32,42,"380,000"
233,Alnilam,"2,000",32,42,"380,000"
234,Alnilam,"2,000",32,42,"380,000"
235,Alnilam,"2,000",32,42,"380,000"
236,Alnilam,"2,000",32,42,"380,000"
237,Alnilam,"2,000",32,42,"380,000"
238,Alnilam,"2,000",32,42,"380,000"
239,Alnilam,"2,000",32,42,"380,000"
240,Gamma Velorum,"01,100",9.0,6,"170,000"
241,Gamma Velorum,"01,100",9.0,6,"170,000"
242,Gamma Velorum,"01,100",9.0,6,"170,000"
243,Gamma Velorum,"01,100",9.0,6,"170,000"
244,Gamma Velorum,"01,100",9.0,6,"170,000"
245,Gamma Velorum,"01,100",9.0,6,"170,000"
246,Gamma Velorum,"01,100",9.0,6,"170,000"
247,Gamma Velorum,"01,100",9.0,6,"170,000"
248,Alnair,0101,4.0,3.4,260
249,Alnair,0101,4.0,3.4,260
250,Alnair,0101,4.0,3.4,260
251,Alnair,0101,4.0,3.4,260
252,Alnair,0101,4.0,3.4,260
253,Alnair,0101,4.0,3.4,260
254,Alnair,0101,4.0,3.4,260
255,Alnair,0101,4.0,3.4,260
256,Alioth,0081,2.9,4.2,110
257,Alioth,0081,2.9,4.2,110
258,Alioth,0081,2.9,4.2,110
259,Alioth,0081,2.9,4.2,110
260,Alioth,0081,2.9,4.2,110
261,Alioth,0081,2.9,4.2,110
262,Alioth,0081,2.9,4.2,110
263,Alioth,0081,2.9,4.2,110
264,Alnitak,01050,33,20,"120,000"
265,Alnitak,01050,33,20,"120,000"
266,Alnitak,01050,33,20,"120,000"
267,Alnitak,01050,33,20,"120,000"
268,Alnitak,01050,33,20,"120,000"
269,Alnitak,01050,33,20,"120,000"
270,Alnitak,01050,33,20,"120,000"
271,Alnitak,01050,33,20,"120,000"
272,Dubhe,0120,4.25,30,300
273,Dubhe,0120,4.25,30,300
274,Dubhe,0120,4.25,30,300
275,Dubhe,0120,4.25,30,300
276,Dubhe,0120,4.25,30,300
277,Dubhe,0120,4.25,30,300
278,Dubhe,0120,4.25,30,300
279,Dubhe,0120,4.25,30,300
280,Mirfak,0590,8.5,68,"5,000"
281,Mirfak,0590,8.5,68,"5,000"
282,Mirfak,0590,8.5,68,"5,000"
283,Mirfak,0590,8.5,68,"5,000"
284,Mirfak,0590,8.5,68,"5,000"
285,Mirfak,0590,8.5,68,"5,000"
286,Mirfak,0590,8.5,68,"5,000"
287,Mirfak,0590,8.5,68,"5,000"
288,Wezen,"1,600",17,200,"82,000"
289,Wezen,"1,600",17,200,"82,000"
290,Wezen,"1,600",17,200,"82,000"
291,Wezen,"1,600",17,200,"82,000"
292,Wezen,"1,600",17,200,"82,000"
293,Wezen,"1,600",17,200,"82,000"
294,Wezen,"1,600",17,200,"82,000"
295,Wezen,"1,600",17,200,"82,000"
296,Sargas,0270,5.7,26,"1,800"
297,Sargas,0270,5.7,26,"1,800"
298,Sargas,0270,5.7,26,"1,800"
299,Sargas,0270,5.7,26,"1,800"
300,Sargas,0270,5.7,26,"1,800"
301,Sargas,0270,5.7,26,"1,800"
302,Sargas,0270,5.7,26,"1,800"
303,Sargas,0270,5.7,26,"1,800"
304,Kaus Australis,0140,3.5,6.8,360
305,Kaus Australis,0140,3.5,6.8,360
306,Kaus Australis,0140,3.5,6.8,360
307,Kaus Australis,0140,3.5,6.8,360
308,Kaus Australis,0140,3.5,6.8,360
309,Kaus Australis,0140,3.5,6.8,360
310,Kaus Australis,0140,3.5,6.8,360
311,Kaus Australis,0140,3.5,6.8,360
312,Avior,0630,9.0,130,"60,000"
313,Avior,0630,9.0,130,"60,000"
314,Avior,0630,9.0,130,"60,000"
315,Avior,0630,9.0,130,"60,000"
316,Avior,0630,9.0,130,"60,000"
317,Avior,0630,9.0,130,"60,000"
318,Avior,0630,9.0,130,"60,000"
319,Avior,0630,9.0,130,"60,000"
320,Alkaid,0104,6.1,3.4,"1,350"
321,Alkaid,0104,6.1,3.4,"1,350"
322,Alkaid,0104,6.1,3.4,"1,350"
323,Alkaid,0104,6.1,3.4,"1,350"
324,Alkaid,0104,6.1,3.4,"1,350"
325,Alkaid,0104,6.1,3.4,"1,350"
326,Alkaid,0104,6.1,3.4,"1,350"
327,Alkaid,0104,6.1,3.4,"1,350"
328,Menkalinan,081,2.39,2.77,50
329,Menkalinan,081,2.39,2.77,50
330,Menkalinan,081,2.39,2.77,50
331,Menkalinan,081,2.39,2.77,50
332,Menkalinan,081,2.39,2.77,50
333,Menkalinan,081,2.39,2.77,50
334,Menkalinan,081,2.39,2.77,50
335,Menkalinan,081,2.39,2.77,50
336,Atria,0390,7,92,"5,500"
337,Atria,0390,7,92,"5,500"
338,Atria,0390,7,92,"5,500"
339,Atria,0390,7,92,"5,500"
340,Atria,0390,7,92,"5,500"
341,Atria,0390,7,92,"5,500"
342,Atria,0390,7,92,"5,500"
343,Atria,0390,7,92,"5,500"
344,Alhena,0109,2.8,3.3,120
345,Alhena,0109,2.8,3.3,120
346,Alhena,0109,2.8,3.3,120
347,Alhena,0109,2.8,3.3,120
348,Alhena,0109,2.8,3.3,120
349,Alhena,0109,2.8,3.3,120
350,Alhena,0109,2.8,3.3,120
351,Alhena,0109,2.8,3.3,120
352,Peacock,0180,5.9,4.8,"2,200"
353,Peacock,0180,5.9,4.8,"2,200"
354,Peacock,0180,5.9,4.8,"2,200"
355,Peacock,0180,5.9,4.8,"2,200"
356,Peacock,0180,5.9,4.8,"2,200"
357,Peacock,0180,5.9,4.8,"2,200"
358,Peacock,0180,5.9,4.8,"2,200"
359,Peacock,0180,5.9,4.8,"2,200"
360,Alsephina[2],0080,2.4,2.9,90
361,Alsephina[2],0080,2.4,2.9,90
362,Alsephina[2],0080,2.4,2.9,90
363,Alsephina[2],0080,2.4,2.9,90
364,Alsephina[2],0080,2.4,2.9,90
365,Alsephina[2],0080,2.4,2.9,90
366,Alsephina[2],0080,2.4,2.9,90
367,Alsephina[2],0080,2.4,2.9,90
368,Mirzam,0500,13.5,10,"27,000"
369,Mirzam,0500,13.5,10,"27,000"
370,Mirzam,0500,13.5,10,"27,000"
371,Mirzam,0500,13.5,10,"27,000"
372,Mirzam,0500,13.5,10,"27,000"
373,Mirzam,0500,13.5,10,"27,000"
374,Mirzam,0500,13.5,10,"27,000"
375,Mirzam,0500,13.5,10,"27,000"
376,Polaris,0430,5.4,39,"2,500"
377,Polaris,0430,5.4,39,"2,500"
378,Polaris,0430,5.4,39,"2,500"
379,Polaris,0430,5.4,39,"2,500"
380,Polaris,0430,5.4,39,"2,500"
381,Polaris,0430,5.4,39,"2,500"
382,Polaris,0430,5.4,39,"2,500"
383,Polaris,0430,5.4,39,"2,500"
384,Alphard,0180,3.0,50,780
385,Alphard,0180,3.0,50,780
386,Alphard,0180,3.0,50,780
387,Alphard,0180,3.0,50,780
388,Alphard,0180,3.0,50,780
389,Alphard,0180,3.0,50,780
390,Alphard,0180,3.0,50,780
391,Alphard,0180,3.0,50,780
392,Mintaka,01200,24,16.5,"190,000"
393,Mintaka,01200,24,16.5,"190,000"
394,Mintaka,01200,24,16.5,"190,000"
395,Mintaka,01200,24,16.5,"190,000"
396,Mintaka,01200,24,16.5,"190,000"
397,Mintaka,01200,24,16.5,"190,000"
398,Mintaka,01200,24,16.5,"190,000"
399,Mintaka,01200,24,16.5,"190,000"
400,Scheat,0196,2.1,95,"1,500"
401,Scheat,0196,2.1,95,"1,500"
402,Scheat,0196,2.1,95,"1,500"
403,Scheat,0196,2.1,95,"1,500"
404,Scheat,0196,2.1,95,"1,500"
405,Scheat,0196,2.1,95,"1,500"
406,Scheat,0196,2.1,95,"1,500"
407,Scheat,0196,2.1,95,"1,500"
408,Almaaz,0653,15,140,"43,000"
409,Almaaz,0653,15,140,"43,000"
410,Almaaz,0653,15,140,"43,000"
411,Almaaz,0653,15,140,"43,000"
412,Almaaz,0653,15,140,"43,000"
413,Almaaz,0653,15,140,"43,000"
414,Almaaz,0653,15,140,"43,000"
415,Almaaz,0653,15,140,"43,000"
416,Rasalgethi,0360,2.8,280,"8,300"
417,Rasalgethi,0360,2.8,280,"8,300"
418,Rasalgethi,0360,2.8,280,"8,300"
419,Rasalgethi,0360,2.8,280,"8,300"
420,Rasalgethi,0360,2.8,280,"8,300"
421,Rasalgethi,0360,2.8,280,"8,300"
422,Rasalgethi,0360,2.8,280,"8,300"
423,Rasalgethi,0360,2.8,280,"8,300"
424,Tau Ceti,011.9,0.783,0.893,0.52
425,Tau Ceti,011.9,0.783,0.893,0.52
426,Tau Ceti,011.9,0.783,0.893,0.52
427,Tau Ceti,011.9,0.783,0.893,0.52
428,Tau Ceti,011.9,0.783,0.893,0.52
429,Tau Ceti,011.9,0.783,0.893,0.52
430,Tau Ceti,011.9,0.783,0.893,0.52
431,Tau Ceti,011.9,0.783,0.893,0.52
432,Delta Pavonis,019.92,0.991,1.22,1.22
433,Delta Pavonis,019.92,0.991,1.22,1.22
434,Delta Pavonis,019.92,0.991,1.22,1.22
435,Delta Pavonis,019.92,0.991,1.22,1.22
436,Delta Pavonis,019.92,0.991,1.22,1.22
437,Delta Pavonis,019.92,0.991,1.22,1.22
438,Delta Pavonis,019.92,0.991,1.22,1.22
439,Delta Pavonis,019.92,0.991,1.22,1.22
440,Ran,010.48,0.82,0.74,0.34
441,Ran,010.48,0.82,0.74,0.34
442,Ran,010.48,0.82,0.74,0.34
443,Ran,010.48,0.82,0.74,0.34
444,Ran,010.48,0.82,0.74,0.34
445,Ran,010.48,0.82,0.74,0.34
446,Ran,010.48,0.82,0.74,0.34
447,Ran,010.48,0.82,0.74,0.34
448,V382 Carinae,"08,900",20,485,"212,000"
449,V382 Carinae,"08,900",20,485,"212,000"
450,V382 Carinae,"08,900",20,485,"212,000"
451,V382 Carinae,"08,900",20,485,"212,000"
452,V382 Carinae,"08,900",20,485,"212,000"
453,V382 Carinae,"08,900",20,485,"212,000"
454,V382 Carinae,"08,900",20,485,"212,000"
455,V382 Carinae,"08,900",20,485,"212,000"
456,Eta Carinae,"07,500",100,60 - 881,"5,000,000"
457,Eta Carinae,"07,500",100,60 - 881,"5,000,000"
458,Eta Carinae,"07,500",100,60 - 881,"5,000,000"
459,Eta Carinae,"07,500",100,60 - 881,"5,000,000"
460,Eta Carinae,"07,500",100,60 - 881,"5,000,000"
461,Eta Carinae,"07,500",100,60 - 881,"5,000,000"
462,Eta Carinae,"07,500",100,60 - 881,"5,000,000"
463,Eta Carinae,"07,500",100,60 - 881,"5,000,000"
464,Delta Cephei,0887,4.5,44.5,"2,000"
465,Delta Cephei,0887,4.5,44.5,"2,000"
466,Delta Cephei,0887,4.5,44.5,"2,000"
467,Delta Cephei,0887,4.5,44.5,"2,000"
468,Delta Cephei,0887,4.5,44.5,"2,000"
469,Delta Cephei,0887,4.5,44.5,"2,000"
470,Delta Cephei,0887,4.5,44.5,"2,000"
471,Delta Cephei,0887,4.5,44.5,"2,000"
472,Mu Cephei,"06,000",19.2,972,"135,000"
473,Mu Cephei,"06,000",19.2,972,"135,000"
474,Mu Cephei,"06,000",19.2,972,"135,000"
475,Mu Cephei,"06,000",19.2,972,"135,000"
476,Mu Cephei,"06,000",19.2,972,"135,000"
477,Mu Cephei,"06,000",19.2,972,"135,000"
478,Mu Cephei,"06,000",19.2,972,"135,000"
479,Mu Cephei,"06,000",19.2,972,"135,000"
480,Titawin,044.25,1.27,1.48,3.57
481,Titawin,044.25,1.27,1.48,3.57
482,Titawin,044.25,1.27,1.48,3.57
483,Titawin,044.25,1.27,1.48,3.57
484,Titawin,044.25,1.27,1.48,3.57
485,Titawin,044.25,1.27,1.48,3.57
486,Titawin,044.25,1.27,1.48,3.57
487,Titawin,044.25,1.27,1.48,3.57
488,Rho Cassiopeiae,"08,154",22,636-981,"347,000 - 530,000"
489,Rho Cassiopeiae,"08,154",22,636-981,"347,000 - 530,000"
490,Rho Cassiopeiae,"08,154",22,636-981,"347,000 - 530,000"
491,Rho Cassiopeiae,"08,154",22,636-981,"347,000 - 530,000"
492,Rho Cassiopeiae,"08,154",22,636-981,"347,000 - 530,000"
493,Rho Cassiopeiae,"08,154",22,636-981,"347,000 - 530,000"
494,Rho Cassiopeiae,"08,154",22,636-981,"347,000 - 530,000"
495,Rho Cassiopeiae,"08,154",22,636-981,"347,000 - 530,000"
496,P Cygni,"05,545",30,76,"610,000"
497,P Cygni,"05,545",30,76,"610,000"
498,P Cygni,"05,545",30,76,"610,000"
499,P Cygni,"05,545",30,76,"610,000"
500,P Cygni,"05,545",30,76,"610,000"
501,P Cygni,"05,545",30,76,"610,000"
502,P Cygni,"05,545",30,76,"610,000"
503,P Cygni,"05,545",30,76,"610,000"
504,La Superba,"01,000",,129 - 342,"2,472 - 5,800"
505,La Superba,"01,000",,129 - 342,"2,472 - 5,800"
506,La Superba,"01,000",,129 - 342,"2,472 - 5,800"
507,La Superba,"01,000",,129 - 342,"2,472 - 5,800"
508,La Superba,"01,000",,129 - 342,"2,472 - 5,800"
509,La Superba,"01,000",,129 - 342,"2,472 - 5,800"
510,La Superba,"01,000",,129 - 342,"2,472 - 5,800"
511,La Superba,"01,000",,129 - 342,"2,472 - 5,800"
512,VV Cephei,"04,900",18.2,"516 - 1,050","200,000"
513,VV Cephei,"04,900",18.2,"516 - 1,050","200,000"
514,VV Cephei,"04,900",18.2,"516 - 1,050","200,000"
515,VV Cephei,"04,900",18.2,"516 - 1,050","200,000"
516,VV Cephei,"04,900",18.2,"516 - 1,050","200,000"
517,VV Cephei,"04,900",18.2,"516 - 1,050","200,000"
518,VV Cephei,"04,900",18.2,"516 - 1,050","200,000"
519,VV Cephei,"04,900",18.2,"516 - 1,050","200,000"
520,61 Cygni,011.41,0.7,0.665,0.153
521,61 Cygni,011.41,0.7,0.665,0.153
522,61 Cygni,011.41,0.7,0.665,0.153
523,61 Cygni,011.41,0.7,0.665,0.153
524,61 Cygni,011.41,0.7,0.665,0.153
525,61 Cygni,011.41,0.7,0.665,0.153
526,61 Cygni,011.41,0.7,0.665,0.153
527,61 Cygni,011.41,0.7,0.665,0.153
528,R Doradus,0178,0.7 - 1.0,298,"4,350"
529,R Doradus,0178,0.7 - 1.0,298,"4,350"
530,R Doradus,0178,0.7 - 1.0,298,"4,350"
531,R Doradus,0178,0.7 - 1.0,298,"4,350"
532,R Doradus,0178,0.7 - 1.0,298,"4,350"
533,R Doradus,0178,0.7 - 1.0,298,"4,350"
534,R Doradus,0178,0.7 - 1.0,298,"4,350"
535,R Doradus,0178,0.7 - 1.0,298,"4,350"
536,Polaris Australis,0281,1.59,3.74,38
537,Polaris Australis,0281,1.59,3.74,38
538,Polaris Australis,0281,1.59,3.74,38
539,Polaris Australis,0281,1.59,3.74,38
540,Polaris Australis,0281,1.59,3.74,38
541,Polaris Australis,0281,1.59,3.74,38
542,Polaris Australis,0281,1.59,3.74,38
543,Polaris Australis,0281,1.59,3.74,38
544,R Coronae Borealis,"04,566",0.85,85,"10,000"
545,R Coronae Borealis,"04,566",0.85,85,"10,000"
546,R Coronae Borealis,"04,566",0.85,85,"10,000"
547,R Coronae Borealis,"04,566",0.85,85,"10,000"
548,R Coronae Borealis,"04,566",0.85,85,"10,000"
549,R Coronae Borealis,"04,566",0.85,85,"10,000"
550,R Coronae Borealis,"04,566",0.85,85,"10,000"
551,R Coronae Borealis,"04,566",0.85,85,"10,000"
552,54 Piscium,036.1,0.76,0.94,0.52
553,54 Piscium,036.1,0.76,0.94,0.52
554,54 Piscium,036.1,0.76,0.94,0.52
555,54 Piscium,036.1,0.76,0.94,0.52
556,54 Piscium,036.1,0.76,0.94,0.52
557,54 Piscium,036.1,0.76,0.94,0.52
558,54 Piscium,036.1,0.76,0.94,0.52
559,54 Piscium,036.1,0.76,0.94,0.52
560,Mira,0300,1.2,370,"9,000"
561,Mira,0300,1.2,370,"9,000"
562,Mira,0300,1.2,370,"9,000"
563,Mira,0300,1.2,370,"9,000"
564,Mira,0300,1.2,370,"9,000"
565,Mira,0300,1.2,370,"9,000"
566,Mira,0300,1.2,370,"9,000"
567,Mira,0300,1.2,370,"9,000"
568,RW Cephei,"014,000",13.9,"1,158","417,000"
569,RW Cephei,"014,000",13.9,"1,158","417,000"
570,RW Cephei,"014,000",13.9,"1,158","417,000"
571,RW Cephei,"014,000",13.9,"1,158","417,000"
572,RW Cephei,"014,000",13.9,"1,158","417,000"
573,RW Cephei,"014,000",13.9,"1,158","417,000"
574,RW Cephei,"014,000",13.9,"1,158","417,000"
575,RW Cephei,"014,000",13.9,"1,158","417,000"
576,Lacaille 8760,012.87,0.6,0.51,0.072
577,Lacaille 8760,012.87,0.6,0.51,0.072
578,Lacaille 8760,012.87,0.6,0.51,0.072
579,Lacaille 8760,012.87,0.6,0.51,0.072
580,Lacaille 8760,012.87,0.6,0.51,0.072
581,Lacaille 8760,012.87,0.6,0.51,0.072
582,Lacaille 8760,012.87,0.6,0.51,0.072
583,Lacaille 8760,012.87,0.6,0.51,0.072
584,V838 Monocerotis,"019,896",?,380 - 750,"15,000"
585,V838 Monocerotis,"019,896",?,380 - 750,"15,000"
586,V838 Monocerotis,"019,896",?,380 - 750,"15,000"
587,V838 Monocerotis,"019,896",?,380 - 750,"15,000"
588,V838 Monocerotis,"019,896",?,380 - 750,"15,000"
589,V838 Monocerotis,"019,896",?,380 - 750,"15,000"
590,V838 Monocerotis,"019,896",?,380 - 750,"15,000"
591,V838 Monocerotis,"019,896",?,380 - 750,"15,000"
592,HD 140283,0202,0.81,2.04,4.82
593,HD 140283,0202,0.81,2.04,4.82
594,HD 140283,0202,0.81,2.04,4.82
595,HD 140283,0202,0.81,2.04,4.82
596,HD 140283,0202,0.81,2.04,4.82
597,HD 140283,0202,0.81,2.04,4.82
598,HD 140283,0202,0.81,2.04,4.82
599,HD 140283,0202,0.81,2.04,4.82
600,II Pegasi,0130,0.8,3.4,1.06
601,II Pegasi,0130,0.8,3.4,1.06
602,II Pegasi,0130,0.8,3.4,1.06
603,II Pegasi,0130,0.8,3.4,1.06
604,II Pegasi,0130,0.8,3.4,1.06
605,II Pegasi,0130,0.8,3.4,1.06
606,II Pegasi,0130,0.8,3.4,1.06
607,II Pegasi,0130,0.8,3.4,1.06
608,VY Canis Majoris,"03,900",17,"1,420","178,000 - 270,000"
609,VY Canis Majoris,"03,900",17,"1,420","178,000 - 270,000"
610,VY Canis Majoris,"03,900",17,"1,420","178,000 - 270,000"
611,VY Canis Majoris,"03,900",17,"1,420","178,000 - 270,000"
612,VY Canis Majoris,"03,900",17,"1,420","178,000 - 270,000"
613,VY Canis Majoris,"03,900",17,"1,420","178,000 - 270,000"
614,VY Canis Majoris,"03,900",17,"1,420","178,000 - 270,000"
615,VY Canis Majoris,"03,900",17,"1,420","178,000 - 270,000"
616,Pistol Star,"025,000",100,320,"1,700,000"
617,Pistol Star,"025,000",100,320,"1,700,000"
618,Pistol Star,"025,000",100,320,"1,700,000"
619,Pistol Star,"025,000",100,320,"1,700,000"
620,Pistol Star,"025,000",100,320,"1,700,000"
621,Pistol Star,"025,000",100,320,"1,700,000"
622,Pistol Star,"025,000",100,320,"1,700,000"
623,Pistol Star,"025,000",100,320,"1,700,000"
624,S Doradus,"0169,000",24,380,"910,000"
625,S Doradus,"0169,000",24,380,"910,000"
626,S Doradus,"0169,000",24,380,"910,000"
627,S Doradus,"0169,000",24,380,"910,000"
628,S Doradus,"0169,000",24,380,"910,000"
629,S Doradus,"0169,000",24,380,"910,000"
630,S Doradus,"0169,000",24,380,"910,000"
631,S Doradus,"0169,000",24,380,"910,000"
632,UY Scuti,"05,100",7 - 10,755,"86,300 - 87,100"
633,UY Scuti,"05,100",7 - 10,755,"86,300 - 87,100"
634,UY Scuti,"05,100",7 - 10,755,"86,300 - 87,100"
635,UY Scuti,"05,100",7 - 10,755,"86,300 - 87,100"
636,UY Scuti,"05,100",7 - 10,755,"86,300 - 87,100"
637,UY Scuti,"05,100",7 - 10,755,"86,300 - 87,100"
638,UY Scuti,"05,100",7 - 10,755,"86,300 - 87,100"
639,UY Scuti,"05,100",7 - 10,755,"86,300 - 87,100"
640,Barnard's Star,05.98,0.14,0.20,0.0035
641,Barnard's Star,05.98,0.14,0.20,0.0035
642,Barnard's Star,05.98,0.14,0.20,0.0035
643,Barnard's Star,05.98,0.14,0.20,0.0035
644,Barnard's Star,05.98,0.14,0.20,0.0035
645,Barnard's Star,05.98,0.14,0.20,0.0035
646,Barnard's Star,05.98,0.14,0.20,0.0035
647,Barnard's Star,05.98,0.14,0.20,0.0035
648,HE 1523-0901,"010,000",0.80,27,730
649,HE 1523-0901,"010,000",0.80,27,730
650,HE 1523-0901,"010,000",0.80,27,730
651,HE 1523-0901,"010,000",0.80,27,730
652,HE 1523-0901,"010,000",0.80,27,730
653,HE 1523-0901,"010,000",0.80,27,730
654,HE 1523-0901,"010,000",0.80,27,730
655,HE 1523-0901,"010,000",0.80,27,730
656,Proxima Centauri,04.25,0.12,0.15,0.0017
657,Proxima Centauri,04.25,0.12,0.15,0.0017
658,Proxima Centauri,04.25,0.12,0.15,0.0017
659,Proxima Centauri,04.25,0.12,0.15,0.0017
660,Proxima Centauri,04.25,0.12,0.15,0.0017
661,Proxima Centauri,04.25,0.12,0.15,0.0017
662,Proxima Centauri,04.25,0.12,0.15,0.0017
663,Proxima Centauri,04.25,0.12,0.15,0.0017
664,KIC 8462852,"01,470",1.43,1.58,4.68
665,KIC 8462852,"01,470",1.43,1.58,4.68
666,KIC 8462852,"01,470",1.43,1.58,4.68
667,KIC 8462852,"01,470",1.43,1.58,4.68
668,KIC 8462852,"01,470",1.43,1.58,4.68
669,KIC 8462852,"01,470",1.43,1.58,4.68
670,KIC 8462852,"01,470",1.43,1.58,4.68
671,KIC 8462852,"01,470",1.43,1.58,4.68
672,R136a1,"0163,000",290,32,"8,710,000"
673,R136a1,"0163,000",290,32,"8,710,000"
674,R136a1,"0163,000",290,32,"8,710,000"
675,R136a1,"0163,000",290,32,"8,710,000"
676,R136a1,"0163,000",290,32,"8,710,000"
677,R136a1,"0163,000",290,32,"8,710,000"
678,R136a1,"0163,000",290,32,"8,710,000"
679,R136a1,"0163,000",290,32,"8,710,000"
680,Melnick 42,"0163,000",189,21.1,"3,600,000"
681,Melnick 42,"0163,000",189,21.1,"3,600,000"
682,Melnick 42,"0163,000",189,21.1,"3,600,000"
683,Melnick 42,"0163,000",189,21.1,"3,600,000"
684,Melnick 42,"0163,000",189,21.1,"3,600,000"
685,Melnick 42,"0163,000",189,21.1,"3,600,000"
686,Melnick 42,"0163,000",189,21.1,"3,600,000"
687,Melnick 42,"0163,000",189,21.1,"3,600,000"
688,WR 102,"018,134",19,0.39,"282,000"
689,WR 102,"018,134",19,0.39,"282,000"
690,WR 102,"018,134",19,0.39,"282,000"
691,WR 102,"018,134",19,0.39,"282,000"
692,WR 102,"018,134",19,0.39,"282,000"
693,WR 102,"018,134",19,0.39,"282,000"
694,WR 102,"018,134",19,0.39,"282,000"
695,WR 102,"018,134",19,0.39,"282,000"
696,VFTS 352,"0164,000",57.48,14.47,"330,000"
697,VFTS 352,"0164,000",57.48,14.47,"330,000"
698,VFTS 352,"0164,000",57.48,14.47,"330,000"
699,VFTS 352,"0164,000",57.48,14.47,"330,000"
700,VFTS 352,"0164,000",57.48,14.47,"330,000"
701,VFTS 352,"0164,000",57.48,14.47,"330,000"
702,VFTS 352,"0164,000",57.48,14.47,"330,000"
703,VFTS 352,"0164,000",57.48,14.47,"330,000"
704,YBP 1194,"02,772",1.01,0.99,0.98
705,YBP 1194,"02,772",1.01,0.99,0.98
706,YBP 1194,"02,772",1.01,0.99,0.98
707,YBP 1194,"02,772",1.01,0.99,0.98
708,YBP 1194,"02,772",1.01,0.99,0.98
709,YBP 1194,"02,772",1.01,0.99,0.98
710,YBP 1194,"02,772",1.01,0.99,0.98
711,YBP 1194,"02,772",1.01,0.99,0.98
712,Gliese 1214,047.5,0.16,0.21,0.0033
713,Gliese 1214,047.5,0.16,0.21,0.0033
714,Gliese 1214,047.5,0.16,0.21,0.0033
715,Gliese 1214,047.5,0.16,0.21,0.0033
716,Gliese 1214,047.5,0.16,0.21,0.0033
717,Gliese 1214,047.5,0.16,0.21,0.0033
718,Gliese 1214,047.5,0.16,0.21,0.0033
719,Gliese 1214,047.5,0.16,0.21,0.0033
720,Luhman 16,06.50,0.03 + 0.03,?,?
721,Luhman 16,06.50,0.03 + 0.03,?,?
722,Luhman 16,06.50,0.03 + 0.03,?,?
723,Luhman 16,06.50,0.03 + 0.03,?,?
724,Luhman 16,06.50,0.03 + 0.03,?,?
725,Luhman 16,06.50,0.03 + 0.03,?,?
726,Luhman 16,06.50,0.03 + 0.03,?,?
727,Luhman 16,06.50,0.03 + 0.03,?,?
728,NML Cygni,"05,251",50,"1,640 - 2,770","229,000"
729,NML Cygni,"05,251",50,"1,640 - 2,770","229,000"
730,NML Cygni,"05,251",50,"1,640 - 2,770","229,000"
731,NML Cygni,"05,251",50,"1,640 - 2,770","229,000"
732,NML Cygni,"05,251",50,"1,640 - 2,770","229,000"
733,NML Cygni,"05,251",50,"1,640 - 2,770","229,000"
734,NML Cygni,"05,251",50,"1,640 - 2,770","229,000"
735,NML Cygni,"05,251",50,"1,640 - 2,770","229,000"
736,VB 10,018.72,0.075,0.10,0.0004
737,VB 10,018.72,0.075,0.10,0.0004
738,VB 10,018.72,0.075,0.10,0.0004
739,VB 10,018.72,0.075,0.10,0.0004
740,VB 10,018.72,0.075,0.10,0.0004
741,VB 10,018.72,0.075,0.10,0.0004
742,VB 10,018.72,0.075,0.10,0.0004
743,VB 10,018.72,0.075,0.10,0.0004
744,WOH G64,"0163,000",<20,"1,540 - 1,730","340-589,000"
745,WOH G64,"0163,000",<20,"1,540 - 1,730","340-589,000"
746,WOH G64,"0163,000",<20,"1,540 - 1,730","340-589,000"
747,WOH G64,"0163,000",<20,"1,540 - 1,730","340-589,000"
748,WOH G64,"0163,000",<20,"1,540 - 1,730","340-589,000"
749,WOH G64,"0163,000",<20,"1,540 - 1,730","340-589,000"
750,WOH G64,"0163,000",<20,"1,540 - 1,730","340-589,000"
751,WOH G64,"0163,000",<20,"1,540 - 1,730","340-589,000"
752,TRAPPIST-1,039.6,0.089,0.12,0.0005
753,TRAPPIST-1,039.6,0.089,0.12,0.0005
754,TRAPPIST-1,039.6,0.089,0.12,0.0005
755,TRAPPIST-1,039.6,0.089,0.12,0.0005
756,TRAPPIST-1,039.6,0.089,0.12,0.0005
757,TRAPPIST-1,039.6,0.089,0.12,0.0005
758,TRAPPIST-1,039.6,0.089,0.12,0.0005
759,TRAPPIST-1,039.6,0.089,0.12,0.0005
760,2MASS J0523-1403,040.3,0.07,0.086,0.00013
761,2MASS J0523-1403,040.3,0.07,0.086,0.00013
762,2MASS J0523-1403,040.3,0.07,0.086,0.00013
763,2MASS J0523-1403,040.3,0.07,0.086,0.00013
764,2MASS J0523-1403,040.3,0.07,0.086,0.00013
765,2MASS J0523-1403,040.3,0.07,0.086,0.00013
766,2MASS J0523-1403,040.3,0.07,0.086,0.00013
767,2MASS J0523-1403,040.3,0.07,0.086,0.00013
768,WISE 0855−0714,07.27,0.003,?,?
769,WISE 0855−0714,07.27,0.003,?,?
770,WISE 0855−0714,07.27,0.003,?,?
771,WISE 0855−0714,07.27,0.003,?,?
772,WISE 0855−0714,07.27,0.003,?,?
773,WISE 0855−0714,07.27,0.003,?,?
774,WISE 0855−0714,07.27,0.003,?,?
775,WISE 0855−0714,07.27,0.003,?,?
776,Icarus,"014,400,000,000",33,?,"850,000"
777,Icarus,"014,400,000,000",33,?,"850,000"
778,Icarus,"014,400,000,000",33,?,"850,000"
779,Icarus,"014,400,000,000",33,?,"850,000"
780,Icarus,"014,400,000,000",33,?,"850,000"
781,Icarus,"014,400,000,000",33,?,"850,000"
782,Icarus,"014,400,000,000",33,?,"850,000"
783,Icarus,"014,400,000,000",33,?,"850,000"
